id;id_accion;id_accion_anotacion
1;8451;57
2;8452;74
3;8453;104
4;8454;143
5;8455;217
6;8456;224
7;8457;246
8;8458;277
9;8459;281
10;8460;304
11;8461;313
12;8462;324
13;8463;350
14;8464;370
15;8465;372
16;8466;376
17;8467;394
18;8468;495
19;8469;513
20;8470;529
21;8471;537
22;8472;624
23;8473;631
24;8474;890
25;8475;905
26;8476;915
27;8477;932
28;8478;935
29;8479;981
30;8480;1097
31;8481;1130
32;8482;1192
33;8483;1243
34;8484;1272
35;8485;1280
36;8486;1326
37;8487;1336
38;8488;1366
39;8489;1378
40;8490;1386
41;8491;1423
42;8492;1431
43;8493;1459
44;8494;1584
45;8495;1588
46;8496;1632
47;8497;1649
48;8498;1669
49;8499;1709
50;8500;1714
51;8501;1729
52;8502;1739
53;8503;1749
54;8504;1807
55;8505;1829
56;8506;1842
57;8507;1855
58;8508;1860
59;8509;1877
60;8510;1905
61;8511;1919
62;8512;1928
63;8513;1974
64;8514;2194
65;8515;2204
66;8516;2246
67;8517;2328
68;8518;2358
69;8519;2393
70;8520;2435
71;8521;2461
72;8522;2488
73;8523;2510
74;8524;2598
75;8525;2679
76;8526;2738
77;8527;2752
78;8528;2775
79;8529;2816
80;8530;2836
81;8531;2918
82;8532;2921
83;8533;3000
84;8534;3049
85;8535;3060
86;8536;3151
87;8537;3168
88;8538;3194
89;8539;3197
90;8540;3224
91;8541;3239
92;8542;3260
93;8543;3274
94;8544;3283
95;8545;3308
96;8546;3330
97;8547;3339
98;8548;3378
99;8549;3397
100;8550;3407
101;8551;3430
102;8552;3438
103;8553;3469
104;8554;3551
105;8555;3591
106;8556;3596
107;8557;3628
108;8558;3716
109;8559;3725
110;8560;3758
111;8561;3780
112;8562;3835
113;8563;3868
114;8564;3890
115;8565;3919
116;8566;3923
117;8567;3937
118;8568;3949
