id,id_accion,id_tipo_sustitucion
1,3,2
2,4,1
3,6,2
4,7,1
5,8,2
6,9,1
7,10,2
8,11,1
9,12,2
10,13,1
11,14,2
12,15,1
13,26,2
14,27,1
15,28,2
16,29,2
17,30,1
18,31,1
19,33,2
20,34,1
21,39,2
22,40,1
23,41,2
24,42,1
25,48,2
26,49,1
27,52,2
28,53,1
29,54,2
30,55,1
31,57,2
32,58,1
33,60,2
34,61,1
35,64,2
36,65,1
37,71,2
38,72,1
39,73,2
40,74,1
41,75,2
42,76,1
43,78,2
44,79,1
45,80,2
46,81,1
47,84,2
48,85,1
49,92,2
50,93,1
51,94,2
52,95,1
53,96,2
54,97,1
55,98,2
56,99,2
57,100,1
58,101,1
59,102,2
60,103,1
61,107,2
62,108,1
63,114,2
64,115,1
65,116,2
66,117,1
67,120,2
68,121,1
69,122,2
70,123,1
71,124,2
72,125,1
73,128,2
74,129,2
75,130,1
76,131,1
77,132,2
78,133,1
79,136,2
80,137,1
81,139,2
82,140,1
83,141,2
84,142,1
85,144,1
86,145,2
87,146,1
88,147,2
89,148,2
90,149,1
91,153,2
92,154,1
93,155,1
94,156,2
95,160,2
96,161,1
97,167,2
98,168,1
99,169,2
100,170,1
101,171,2
102,172,1
103,181,2
104,182,1
105,183,2
106,184,1
107,185,2
108,186,1
109,190,2
110,191,1
111,192,2
112,193,1
113,194,2
114,195,1
115,197,2
116,198,1
117,199,2
118,200,2
119,201,1
120,202,1
121,208,2
122,209,1
123,210,1
124,211,2
125,212,1
126,213,2
127,214,1
128,215,2
129,216,2
130,217,1
131,220,2
132,221,1
133,224,2
134,225,1
135,226,2
136,227,1
137,228,1
138,229,2
139,234,2
140,235,1
141,236,2
142,237,1
143,245,1
144,246,2
145,249,2
146,250,1
147,251,2
148,252,1
149,259,2
150,260,1
151,261,1
152,262,2
153,263,2
154,264,1
155,267,2
156,268,1
157,270,2
158,271,1
159,273,2
160,274,1
161,278,1
162,279,2
163,281,2
164,282,1
165,285,2
166,286,1
167,290,1
168,291,2
169,292,2
170,293,1
171,294,2
172,295,1
173,300,2
174,301,1
175,304,1
176,305,2
177,306,2
178,307,1
179,310,1
180,311,2
181,312,2
182,313,1
183,314,1
184,315,2
185,317,2
186,318,1
187,320,2
188,321,1
189,322,2
190,323,1
191,329,2
192,330,1
193,331,2
194,332,1
195,334,2
196,335,1
197,338,2
198,339,1
199,340,2
200,341,2
201,342,1
202,343,1
203,347,2
204,348,1
205,349,2
206,350,1
207,352,2
208,353,1
209,357,2
210,358,1
211,359,2
212,360,1
213,362,2
214,363,1
215,368,2
216,369,1
217,370,2
218,371,1
219,372,2
220,373,1
221,382,2
222,383,1
223,384,2
224,385,1
225,387,2
226,388,1
227,391,2
228,392,2
229,393,1
230,394,1
231,400,2
232,401,1
233,404,1
234,405,2
235,406,2
236,407,1
237,414,2
238,415,1
239,416,2
240,417,1
241,418,1
242,419,2
243,424,1
244,425,2
245,427,1
246,428,2
247,429,1
248,430,2
249,435,1
250,436,2
251,438,2
252,439,1
253,440,1
254,441,2
255,445,2
256,446,1
257,447,2
258,448,1
259,453,1
260,454,2
261,455,2
262,456,1
263,457,2
264,458,1
265,460,2
266,461,1
267,466,1
268,467,2
269,468,2
270,469,1
271,473,1
272,474,2
273,475,2
274,476,1
275,477,1
276,478,2
277,482,2
278,483,1
279,484,2
280,485,1
281,489,2
282,490,1
283,494,1
284,495,2
285,496,2
286,497,1
287,503,1
288,504,2
289,505,2
290,506,1
291,509,2
292,510,1
293,512,1
294,513,2
295,515,1
296,516,2
297,517,2
298,518,1
299,521,2
300,522,1
301,523,2
302,524,1
303,528,1
304,529,2
305,535,2
306,536,1
307,537,2
308,538,1
309,542,1
310,543,2
311,544,1
312,545,2
313,551,2
314,552,1
315,554,2
316,555,1
317,557,2
318,558,1
319,560,2
320,561,1
321,562,2
322,563,1
323,565,2
324,566,1
325,569,2
326,570,2
327,571,1
328,572,1
329,575,2
330,576,1
331,577,2
332,578,1
333,582,2
334,583,1
335,587,2
336,588,1
337,590,2
338,591,1
339,594,2
340,595,1
341,599,2
342,600,1
343,603,2
344,604,1
345,608,2
346,609,1
347,610,2
348,611,1
349,613,2
350,614,1
351,615,2
352,616,1
353,619,2
354,620,1
355,621,2
356,622,1
357,625,2
358,626,1
359,627,2
360,628,2
361,629,1
362,630,1
363,635,2
364,636,1
365,637,2
366,638,1
367,643,2
368,644,1
369,647,2
370,648,2
371,649,1
372,650,1
373,655,2
374,656,1
375,657,2
376,658,1
377,659,2
378,660,1
379,661,2
380,662,2
381,663,1
382,664,1
383,667,2
384,668,1
385,672,2
386,673,1
387,674,2
388,675,1
389,676,2
390,677,1
391,679,2
392,680,1
393,682,2
394,683,1
395,685,2
396,686,1
397,689,2
398,690,1
399,693,2
400,694,1
401,698,2
402,699,1
403,700,2
404,701,1
405,703,2
406,704,1
407,710,2
408,711,1
409,714,2
410,715,1
411,716,2
412,717,1
413,722,2
414,723,1
415,724,2
416,725,1
417,726,2
418,727,1
419,732,2
420,733,1
421,734,2
422,735,1
423,737,2
424,738,1
425,743,2
426,744,1
427,745,2
428,746,1
429,749,2
430,750,1
431,754,2
432,755,1
433,760,2
434,761,1
435,762,2
436,763,1
437,767,1
438,768,2
439,769,2
440,770,1
441,771,1
442,772,2
443,777,2
444,778,1
445,779,2
446,780,1
447,781,2
448,782,1
449,786,2
450,787,1
451,788,2
452,789,1
453,791,2
454,792,1
455,795,2
456,796,1
457,798,2
458,799,1
459,800,2
460,801,1
461,809,2
462,810,1
463,812,2
464,813,1
465,814,2
466,815,1
467,818,2
468,819,2
469,820,1
470,821,1
471,822,2
472,823,1
473,825,2
474,826,1
475,827,2
476,828,1
477,829,2
478,830,1
479,834,2
480,835,1
481,837,2
482,838,1
483,842,2
484,843,1
485,845,2
486,846,2
487,847,1
488,848,1
489,849,2
490,850,1
491,852,2
492,853,1
493,854,2
494,855,1
495,856,2
496,857,1
497,858,2
498,859,1
499,861,2
500,862,1
501,864,2
502,865,1
503,868,2
504,869,2
505,870,1
506,871,1
507,872,2
508,873,1
509,878,2
510,879,1
511,882,2
512,883,1
513,885,2
514,886,1
515,887,2
516,888,1
517,889,2
518,890,1
519,896,2
520,897,1
521,898,2
522,899,1
523,900,2
524,901,1
525,903,2
526,904,1
527,906,2
528,907,1
529,908,2
530,909,1
531,914,2
532,915,1
533,916,2
534,917,1
535,918,2
536,919,1
537,922,2
538,923,1
539,926,2
540,927,1
541,928,2
542,929,1
543,932,2
544,933,1
545,934,2
546,935,1
547,936,2
548,937,1
549,940,2
550,941,2
551,942,1
552,943,1
553,944,2
554,945,1
555,948,2
556,949,2
557,950,1
558,951,1
559,952,2
560,953,1
561,954,2
562,955,1
563,960,2
564,961,1
565,966,2
566,967,1
567,968,2
568,969,1
569,971,2
570,972,1
571,975,2
572,976,1
573,977,2
574,978,1
575,982,2
576,983,1
577,984,2
578,985,1
579,986,2
580,987,1
581,994,2
582,995,1
583,996,2
584,997,2
585,998,1
586,999,1
587,1005,2
588,1006,1
589,1007,2
590,1008,1
591,1010,2
592,1011,1
593,1017,2
594,1018,1
595,1021,2
596,1022,1
597,1023,2
598,1024,1
599,1028,2
600,1029,1
601,1031,2
602,1032,1
603,1033,2
604,1034,1
605,1038,2
606,1039,1
607,1044,2
608,1045,1
609,1046,2
610,1047,1
611,1051,2
612,1052,1
613,1055,2
614,1056,1
615,1057,2
616,1058,1
617,1061,2
618,1062,2
619,1063,1
620,1064,1
621,1067,2
622,1068,1
623,1072,2
624,1073,1
625,1075,2
626,1076,1
627,1079,2
628,1080,1
629,1083,2
630,1084,1
631,1087,2
632,1088,1
633,1089,2
634,1090,1
635,1093,2
636,1094,1
637,1097,2
638,1098,1
639,1099,2
640,1100,1
641,1108,2
642,1109,1
643,1111,2
644,1112,2
645,1113,1
646,1114,1
647,1115,2
648,1116,1
649,1119,2
650,1120,1
651,1121,1
652,1122,2
653,1123,1
654,1124,2
655,1130,2
656,1131,1
657,1132,2
658,1133,1
659,1134,1
660,1135,2
661,1138,2
662,1139,2
663,1140,1
664,1141,1
665,1143,2
666,1144,1
667,1148,2
668,1149,2
669,1150,1
670,1151,1
671,1153,2
672,1154,1
673,1157,2
674,1158,1
675,1159,2
676,1160,1
677,1161,2
678,1162,1
679,1172,2
680,1173,2
681,1174,1
682,1175,1
683,1176,2
684,1177,1
685,1180,2
686,1181,1
687,1183,2
688,1184,1
689,1189,2
690,1190,1
691,1191,2
692,1192,1
693,1193,2
694,1194,1
695,1199,2
696,1200,1
697,1201,2
698,1202,1
699,1207,2
700,1208,1
701,1210,2
702,1211,1
703,1212,2
704,1213,1
705,1216,2
706,1217,2
707,1218,1
708,1219,1
709,1220,2
710,1221,1
711,1225,2
712,1226,1
713,1227,2
714,1228,1
715,1229,2
716,1230,1
717,1235,2
718,1236,1
719,1238,2
720,1239,1
721,1241,2
722,1242,1
723,1246,2
724,1247,1
725,1248,2
726,1249,1
727,1250,2
728,1251,1
729,1252,2
730,1253,1
731,1256,2
732,1257,1
733,1260,2
734,1261,1
735,1263,2
736,1264,1
737,1265,2
738,1266,1
739,1267,2
740,1268,1
741,1269,2
742,1270,1
743,1277,2
744,1278,1
745,1279,1
746,1280,2
747,1284,1
748,1285,2
749,1287,1
750,1288,2
751,1289,2
752,1290,1
753,1296,2
754,1297,1
755,1299,2
756,1300,1
757,1301,2
758,1302,1
759,1306,2
760,1307,1
761,1309,1
762,1310,2
763,1314,1
764,1315,2
765,1321,1
766,1322,2
767,1323,1
768,1324,2
769,1325,1
770,1326,2
771,1332,2
772,1333,1
773,1336,2
774,1337,1
775,1341,2
776,1342,1
777,1347,2
778,1348,1
779,1349,2
780,1350,1
781,1351,2
782,1352,1
783,1360,2
784,1361,2
785,1362,1
786,1363,1
787,1364,2
788,1365,1
789,1371,2
790,1372,1
791,1373,2
792,1374,1
793,1375,2
794,1376,1
795,1380,2
796,1381,1
797,1382,2
798,1383,1
799,1384,2
800,1385,1
801,1391,2
802,1392,1
803,1393,2
804,1394,1
805,1395,2
806,1396,1
807,1397,2
808,1398,1
809,1399,2
810,1400,1
811,1401,2
812,1402,1
813,1405,2
814,1406,1
815,1408,2
816,1409,1
817,1411,2
818,1412,1
819,1415,1
820,1416,2
821,1418,1
822,1419,2
823,1420,1
824,1421,2
825,1424,2
826,1425,1
827,1426,2
828,1427,1
829,1432,2
830,1433,1
831,1438,2
832,1439,1
833,1440,2
834,1441,2
835,1442,1
836,1443,1
837,1451,2
838,1452,1
839,1454,2
840,1455,1
841,1456,2
842,1457,1
843,1460,2
844,1461,2
845,1462,1
846,1463,1
847,1469,2
848,1470,1
849,1474,2
850,1475,1
851,1476,2
852,1477,1
853,1480,2
854,1481,1
855,1482,2
856,1483,1
857,1484,2
858,1485,1
859,1486,2
860,1487,1
861,1492,2
862,1493,1
863,1494,2
864,1495,1
865,1496,2
866,1497,1
867,1502,2
868,1503,1
869,1505,2
870,1506,2
871,1507,1
872,1508,1
873,1522,2
874,1523,1
875,1524,2
876,1525,1
877,1526,2
878,1527,1
879,1532,2
880,1533,1
881,1534,2
882,1535,1
883,1538,2
884,1539,1
885,1548,2
886,1549,1
887,1550,2
888,1551,1
889,1552,2
890,1553,1
891,1557,2
892,1558,1
893,1560,2
894,1561,1
895,1562,2
896,1563,1
897,1575,2
898,1576,1
899,1577,2
900,1578,2
901,1579,1
902,1580,1
903,1585,2
904,1586,2
905,1587,1
906,1588,1
907,1592,2
908,1593,1
909,1599,2
910,1600,1
911,1601,2
912,1602,1
913,1604,2
914,1605,1
915,1611,2
916,1612,1
917,1615,2
918,1616,1
919,1617,2
920,1618,1
921,1623,2
922,1624,1
923,1625,2
924,1626,1
925,1627,2
926,1628,1
927,1634,2
928,1635,2
929,1636,1
930,1637,1
931,1638,2
932,1639,1
933,1646,2
934,1647,1
935,1651,2
936,1652,1
937,1657,2
938,1658,2
939,1659,1
940,1660,1
941,1662,2
942,1663,1
943,1673,2
944,1674,1
945,1675,2
946,1676,1
947,1677,2
948,1678,1
949,1686,2
950,1687,1
951,1688,2
952,1689,1
953,1690,2
954,1691,1
955,1692,2
956,1693,1
957,1694,2
958,1695,1
959,1698,2
960,1699,1
961,1709,2
962,1710,1
963,1711,2
964,1712,1
965,1714,2
966,1715,1
967,1719,2
968,1720,1
969,1721,2
970,1722,1
971,1725,2
972,1726,1
973,1728,2
974,1729,1
975,1731,2
976,1732,1
977,1735,2
978,1736,1
979,1741,2
980,1742,1
981,1743,2
982,1744,1
983,1746,2
984,1747,2
985,1748,1
986,1749,1
987,1750,2
988,1751,1
989,1753,2
990,1754,1
991,1760,2
992,1761,2
993,1762,1
994,1763,1
995,1769,2
996,1770,1
997,1777,2
998,1778,1
999,1779,2
1000,1780,1
1001,1781,2
1002,1782,2
1003,1783,1
1004,1784,1
1005,1786,2
1006,1787,1
1007,1792,2
1008,1793,1
1009,1794,2
1010,1795,1
1011,1796,2
1012,1797,1
1013,1803,2
1014,1804,1
1015,1806,2
1016,1807,1
1017,1808,2
1018,1809,1
1019,1811,2
1020,1812,1
1021,1817,2
1022,1818,1
1023,1821,2
1024,1822,1
1025,1823,2
1026,1824,1
1027,1829,2
1028,1830,1
1029,1833,2
1030,1834,1
1031,1835,2
1032,1836,1
1033,1842,2
1034,1843,1
1035,1844,2
1036,1845,1
1037,1846,2
1038,1847,1
1039,1850,2
1040,1851,2
1041,1852,1
1042,1853,1
1043,1857,2
1044,1858,1
1045,1862,2
1046,1863,1
1047,1864,2
1048,1865,2
1049,1866,1
1050,1867,1
1051,1871,2
1052,1872,1
1053,1874,2
1054,1875,1
1055,1876,2
1056,1877,1
1057,1881,2
1058,1882,2
1059,1883,1
1060,1884,1
1061,1887,2
1062,1888,1
1063,1893,2
1064,1894,1
1065,1895,2
1066,1896,1
1067,1897,2
1068,1898,1
1069,1899,2
1070,1900,1
1071,1901,2
1072,1902,1
1073,1903,2
1074,1904,1
1075,1913,2
1076,1914,1
1077,1916,2
1078,1917,1
1079,1918,2
1080,1919,1
1081,1925,2
1082,1926,1
1083,1927,1
1084,1928,2
1085,1929,2
1086,1930,1
1087,1938,1
1088,1939,2
1089,1940,2
1090,1941,1
1091,1943,2
1092,1944,1
1093,1945,2
1094,1946,1
1095,1950,2
1096,1951,1
1097,1952,1
1098,1953,2
1099,1959,1
1100,1960,2
1101,1966,2
1102,1967,1
1103,1968,2
1104,1969,1
1105,1973,2
1106,1974,1
1107,1975,2
1108,1976,1
1109,1978,2
1110,1979,1
1111,1980,2
1112,1981,1
1113,1984,2
1114,1985,1
1115,1986,2
1116,1987,1
1117,1990,2
1118,1991,1
1119,1993,2
1120,1994,1
1121,1995,2
1122,1996,1
1123,1999,2
1124,2000,1
1125,2002,2
1126,2003,1
1127,2004,2
1128,2005,1
1129,2007,2
1130,2008,1
1131,2009,2
1132,2010,1
1133,2011,2
1134,2012,1
1135,2013,2
1136,2014,1
1137,2022,2
1138,2023,1
1139,2025,2
1140,2026,2
1141,2027,1
1142,2028,1
1143,2029,2
1144,2030,1
1145,2032,2
1146,2033,1
1147,2038,2
1148,2039,1
1149,2042,2
1150,2043,1
1151,2045,2
1152,2046,1
1153,2049,2
1154,2050,1
1155,2055,2
1156,2056,1
1157,2057,2
1158,2058,1
1159,2060,2
1160,2061,1
1161,2066,2
1162,2067,2
1163,2068,1
1164,2069,1
1165,2071,2
1166,2072,1
1167,2074,2
1168,2075,2
1169,2076,1
1170,2077,1
1171,2078,2
1172,2079,1
1173,2081,2
1174,2082,1
1175,2083,2
1176,2084,1
1177,2086,2
1178,2087,1
1179,2097,2
1180,2098,1
1181,2099,2
1182,2100,1
1183,2103,2
1184,2104,1
1185,2105,2
1186,2106,1
1187,2109,2
1188,2110,1
1189,2112,2
1190,2113,1
1191,2114,2
1192,2115,1
1193,2117,2
1194,2118,1
1195,2120,2
1196,2121,1
1197,2123,2
1198,2124,1
1199,2127,2
1200,2128,2
1201,2129,1
1202,2130,1
1203,2131,2
1204,2132,1
1205,2140,2
1206,2141,1
1207,2143,2
1208,2144,1
1209,2145,2
1210,2146,1
1211,2150,2
1212,2151,1
1213,2152,2
1214,2153,1
1215,2155,2
1216,2156,1
1217,2157,2
1218,2158,1
1219,2164,2
1220,2165,1
1221,2166,2
1222,2167,1
1223,2172,2
1224,2173,1
1225,2174,2
1226,2175,1
1227,2176,2
1228,2177,1
1229,2181,1
1230,2182,2
1231,2183,1
1232,2185,2
1233,2187,2
1234,2188,1
1235,2193,1
1236,2194,2
1237,2195,2
1238,2196,1
1239,2200,2
1240,2201,1
1241,2207,2
1242,2208,1
1243,2209,1
1244,2210,2
1245,2219,1
1246,2220,2
1247,2222,2
1248,2223,1
1249,2225,1
1250,2226,2
1251,2228,1
1252,2229,2
1253,2230,2
1254,2231,1
1255,2232,1
1256,2233,2
1257,2240,1
1258,2241,2
1259,2243,1
1260,2244,2
1261,2245,1
1262,2246,2
1263,2256,1
1264,2257,2
1265,2258,1
1266,2259,2
1267,2266,2
1268,2267,1
1269,2269,1
1270,2270,2
1271,2271,1
1272,2272,2
1273,2280,2
1274,2281,1
1275,2282,1
1276,2283,2
1277,2284,2
1278,2285,1
1279,2292,2
1280,2293,1
1281,2294,1
1282,2295,2
1283,2300,2
1284,2301,1
1285,2302,2
1286,2303,1
1287,2306,2
1288,2307,1
1289,2311,1
1290,2312,2
1291,2313,2
1292,2314,1
1293,2319,1
1294,2320,2
1295,2321,1
1296,2322,2
1297,2325,2
1298,2326,1
1299,2330,2
1300,2331,1
1301,2332,1
1302,2333,2
1303,2334,2
1304,2335,1
1305,2336,2
1306,2337,2
1307,2338,1
1308,2339,1
1309,2348,2
1310,2349,1
1311,2350,2
1312,2351,1
1313,2354,2
1314,2355,1
1315,2356,1
1316,2357,2
1317,2358,2
1318,2359,1
1319,2360,1
1320,2361,2
1321,2366,2
1322,2367,1
1323,2368,2
1324,2369,1
1325,2371,2
1326,2372,1
1327,2373,2
1328,2374,1
1329,2376,2
1330,2377,1
1331,2378,2
1332,2379,1
1333,2382,2
1334,2383,1
1335,2385,2
1336,2386,1
1337,2387,2
1338,2388,1
1339,2393,1
1340,2394,2
1341,2397,1
1342,2398,2
1343,2399,1
1344,2400,2
1345,2404,1
1346,2405,2
1347,2409,2
1348,2410,1
1349,2411,1
1350,2412,2
1351,2416,2
1352,2417,1
1353,2418,1
1354,2419,2
1355,2420,1
1356,2421,2
1357,2425,2
1358,2426,1
1359,2427,1
1360,2428,2
1361,2429,1
1362,2430,2
1363,2437,2
1364,2438,1
1365,2440,1
1366,2441,2
1367,2442,1
1368,2443,2
1369,2453,2
1370,2454,1
1371,2455,1
1372,2456,2
1373,2457,2
1374,2458,1
1375,2460,1
1376,2461,1
1377,2462,2
1378,2463,2
1379,2464,2
1380,2465,1
1381,2467,1
1382,2468,2
1383,2470,2
1384,2471,1
1385,2472,1
1386,2473,2
1387,2476,2
1388,2477,1
1389,2478,1
1390,2479,2
1391,2480,1
1392,2481,2
1393,2482,2
1394,2483,1
1395,2484,2
1396,2485,1
1397,2487,2
1398,2488,1
1399,2490,2
1400,2491,1
1401,2492,2
1402,2493,1
1403,2494,2
1404,2495,1
1405,2502,2
1406,2503,1
1407,2504,2
1408,2505,1
1409,2506,2
1410,2507,1
1411,2511,2
1412,2512,1
1413,2521,2
1414,2522,1
1415,2523,2
1416,2524,1
1417,2526,2
1418,2527,2
1419,2528,1
1420,2529,1
1421,2531,2
1422,2532,1
1423,2536,2
1424,2537,1
1425,2540,2
1426,2541,1
1427,2542,2
1428,2543,1
1429,2544,2
1430,2545,1
1431,2549,2
1432,2550,2
1433,2551,1
1434,2552,1
1435,2553,2
1436,2554,1
1437,2559,1
1438,2560,2
1439,2561,1
1440,2562,2
1441,2564,1
1442,2565,2
1443,2569,2
1444,2570,1
1445,2572,2
1446,2573,1
1447,2574,2
1448,2575,1
1449,2576,2
1450,2577,1
1451,2578,2
1452,2579,1
1453,2580,2
1454,2581,1
1455,2585,2
1456,2586,2
1457,2587,1
1458,2588,1
1459,2593,2
1460,2594,1
1461,2598,2
1462,2599,1
1463,2600,2
1464,2601,1
1465,2602,2
1466,2603,1
1467,2607,2
1468,2608,1
1469,2609,2
1470,2610,1
1471,2612,2
1472,2613,1
1473,2614,2
1474,2615,1
1475,2616,2
1476,2617,1
1477,2622,2
1478,2623,1
1479,2627,2
1480,2628,1
1481,2630,2
1482,2631,1
1483,2632,2
1484,2633,1
1485,2634,2
1486,2635,1
1487,2640,2
1488,2641,1
1489,2644,2
1490,2645,1
1491,2649,2
1492,2650,1
1493,2652,2
1494,2653,1
1495,2655,2
1496,2656,1
1497,2663,2
1498,2664,1
1499,2665,2
1500,2666,1
1501,2667,2
1502,2668,1
1503,2670,2
1504,2671,1
1505,2675,2
1506,2676,1
1507,2677,2
1508,2678,1
1509,2687,2
1510,2688,1
1511,2689,2
1512,2690,1
1513,2691,2
1514,2692,1
1515,2700,2
1516,2701,1
1517,2705,2
1518,2706,1
1519,2707,2
1520,2708,1
1521,2709,2
1522,2710,1
1523,2713,2
1524,2714,1
1525,2715,2
1526,2716,1
1527,2721,2
1528,2722,1
1529,2725,2
1530,2726,1
1531,2727,1
1532,2728,2
1533,2729,2
1534,2730,1
1535,2732,2
1536,2733,1
1537,2734,2
1538,2735,1
1539,2736,1
1540,2737,2
1541,2744,1
1542,2745,2
1543,2746,1
1544,2747,2
1545,2748,2
1546,2749,1
1547,2754,1
1548,2755,2
1549,2756,2
1550,2757,1
1551,2758,1
1552,2759,2
1553,2761,2
1554,2762,1
1555,2765,2
1556,2766,1
1557,2767,2
1558,2768,1
1559,2777,2
1560,2778,1
1561,2779,2
1562,2780,1
1563,2781,2
1564,2782,1
1565,2789,2
1566,2790,1
1567,2791,2
1568,2792,1
1569,2796,2
1570,2797,1
1571,2798,2
1572,2799,1
1573,2801,2
1574,2802,1
1575,2807,2
1576,2808,1
1577,2810,2
1578,2811,1
1579,2812,2
1580,2813,1
1581,2814,2
1582,2815,1
1583,2817,2
1584,2818,1
1585,2820,2
1586,2821,1
1587,2823,2
1588,2824,1
1589,2825,2
1590,2826,1
1591,2829,2
1592,2830,1
1593,2831,2
1594,2832,1
1595,2835,2
1596,2836,1
1597,2839,2
1598,2840,2
1599,2841,1
1600,2842,1
1601,2843,2
1602,2844,1
1603,2852,2
1604,2853,1
1605,2854,2
1606,2855,1
1607,2856,2
1608,2857,1
1609,2858,1
1610,2859,2
1611,2863,1
1612,2864,2
1613,2865,1
1614,2866,2
1615,2878,1
1616,2879,2
1617,2880,2
1618,2881,1
1619,2883,1
1620,2884,2
1621,2885,2
1622,2886,1
1623,2887,2
1624,2888,1
1625,2892,2
1626,2893,1
1627,2896,2
1628,2897,1
1629,2899,2
1630,2900,1
1631,2901,1
1632,2902,2
1633,2906,2
1634,2907,1
1635,2908,2
1636,2909,1
1637,2913,2
1638,2914,1
1639,2917,2
1640,2918,1
1641,2919,2
1642,2920,1
1643,2921,2
1644,2922,1
1645,2928,1
1646,2929,2
1647,2930,2
1648,2931,1
1649,2932,2
1650,2933,1
1651,2936,1
1652,2937,2
1653,2938,1
1654,2939,2
1655,2940,1
1656,2941,2
1657,2943,2
1658,2944,1
1659,2946,2
1660,2947,1
1661,2949,2
1662,2950,1
1663,2957,2
1664,2958,1
1665,2959,2
1666,2960,1
1667,2962,2
1668,2963,1
1669,2965,2
1670,2966,2
1671,2967,1
1672,2968,1
1673,2970,2
1674,2971,1
1675,2979,2
1676,2980,1
1677,2981,2
1678,2982,1
1679,2983,2
1680,2984,1
1681,2987,2
1682,2988,1
1683,2990,2
1684,2991,1
1685,2996,2
1686,2997,1
1687,2999,2
1688,3000,1
1689,3001,2
1690,3002,1
1691,3004,2
1692,3005,1
1693,3007,2
1694,3008,1
1695,3009,2
1696,3010,1
1697,3013,2
1698,3014,1
1699,3015,2
1700,3016,1
1701,3017,2
1702,3018,1
1703,3024,2
1704,3025,2
1705,3026,1
1706,3027,1
1707,3028,2
1708,3029,1
1709,3034,1
1710,3035,2
1711,3037,1
1712,3038,2
1713,3041,1
1714,3042,2
1715,3053,2
1716,3054,1
1717,3055,2
1718,3056,1
1719,3057,2
1720,3058,1
1721,3059,2
1722,3060,1
1723,3061,2
1724,3062,1
1725,3063,2
1726,3064,1
1727,3065,2
1728,3066,1
1729,3067,2
1730,3068,1
1731,3070,2
1732,3071,1
1733,3072,2
1734,3073,1
1735,3076,2
1736,3077,1
1737,3078,2
1738,3079,1
1739,3085,2
1740,3086,1
1741,3091,2
1742,3092,1
1743,3094,2
1744,3095,2
1745,3096,1
1746,3097,1
1747,3099,2
1748,3100,1
1749,3104,2
1750,3105,1
1751,3106,2
1752,3107,1
1753,3108,2
1754,3109,1
1755,3110,2
1756,3111,1
1757,3112,2
1758,3113,1
1759,3119,2
1760,3120,1
1761,3121,2
1762,3122,1
1763,3123,2
1764,3124,1
1765,3126,2
1766,3127,2
1767,3128,1
1768,3129,1
1769,3133,1
1770,3134,2
1771,3137,2
1772,3138,1
1773,3140,2
1774,3141,1
1775,3145,2
1776,3146,1
1777,3147,2
1778,3148,1
1779,3151,2
1780,3152,1
1781,3159,2
1782,3160,1
1783,3163,2
1784,3164,1
1785,3167,2
1786,3168,1
1787,3173,2
1788,3174,1
1789,3175,2
1790,3176,1
1791,3177,2
1792,3178,1
1793,3182,2
1794,3183,1
1795,3186,2
1796,3187,1
1797,3188,2
1798,3189,1
1799,3194,2
1800,3195,2
1801,3196,1
1802,3197,1
1803,3198,2
1804,3199,1
1805,3203,2
1806,3204,1
1807,3206,2
1808,3207,2
1809,3208,1
1810,3209,1
1811,3211,2
1812,3212,1
1813,3215,2
1814,3216,1
1815,3217,1
1816,3218,2
1817,3222,2
1818,3223,1
1819,3226,2
1820,3227,1
1821,3230,2
1822,3231,1
1823,3234,2
1824,3235,1
1825,3236,2
1826,3237,1
1827,3240,2
1828,3241,2
1829,3242,1
1830,3243,1
1831,3246,2
1832,3247,1
1833,3249,2
1834,3250,1
1835,3252,2
1836,3253,1
1837,3257,2
1838,3258,1
1839,3262,2
1840,3263,2
1841,3264,1
1842,3265,1
1843,3268,2
1844,3269,1
1845,3271,2
1846,3272,1
1847,3275,2
1848,3276,1
1849,3278,2
1850,3279,1
1851,3280,2
1852,3281,1
1853,3285,2
1854,3286,1
1855,3287,2
1856,3288,1
1857,3295,2
1858,3296,1
1859,3297,2
1860,3298,1
1861,3301,2
1862,3302,1
1863,3304,2
1864,3305,1
1865,3306,2
1866,3307,1
1867,3310,2
1868,3311,1
1869,3312,2
1870,3313,1
1871,3315,2
1872,3316,1
1873,3317,2
1874,3318,1
1875,3319,2
1876,3320,1
1877,3329,2
1878,3330,1
1879,3331,2
1880,3332,1
1881,3333,2
1882,3334,1
1883,3343,2
1884,3344,1
1885,3346,2
1886,3347,1
1887,3348,2
1888,3349,1
1889,3353,2
1890,3354,1
1891,3358,2
1892,3359,1
1893,3362,2
1894,3363,1
1895,3366,2
1896,3367,1
1897,3368,2
1898,3369,1
1899,3370,2
1900,3371,1
1901,3380,2
1902,3381,1
1903,3382,2
1904,3383,1
1905,3384,2
1906,3385,1
1907,3392,2
1908,3393,1
1909,3397,2
1910,3398,1
1911,3399,2
1912,3400,1
1913,3404,2
1914,3405,1
1915,3406,2
1916,3407,1
1917,3408,2
1918,3409,1
1919,3417,2
1920,3418,1
1921,3422,2
1922,3423,1
1923,3430,2
1924,3431,1
1925,3434,2
1926,3435,2
1927,3436,1
1928,3437,1
1929,3443,2
1930,3444,1
1931,3451,2
1932,3452,1
1933,3454,2
1934,3455,1
1935,3456,2
1936,3457,1
1937,3461,1
1938,3462,2
1939,3463,1
1940,3464,2
1941,3465,1
1942,3466,2
1943,3470,2
1944,3471,1
1945,3472,2
1946,3473,1
1947,3476,2
1948,3477,1
1949,3484,2
1950,3485,1
1951,3487,2
1952,3488,2
1953,3489,1
1954,3490,1
1955,3492,2
1956,3493,1
1957,3494,2
1958,3495,1
1959,3497,2
1960,3498,1
1961,3502,2
1962,3503,1
1963,3506,2
1964,3507,1
1965,3508,2
1966,3509,1
1967,3511,2
1968,3512,2
1969,3513,1
1970,3514,1
1971,3519,2
1972,3520,1
1973,3527,2
1974,3528,1
1975,3529,2
1976,3530,1
1977,3531,2
1978,3532,1
1979,3535,2
1980,3536,1
1981,3537,2
1982,3538,1
1983,3539,2
1984,3540,1
1985,3546,2
1986,3547,1
1987,3548,2
1988,3549,1
1989,3551,2
1990,3552,1
1991,3554,2
1992,3555,1
1993,3557,2
1994,3558,1
1995,3561,2
1996,3562,1
1997,3563,2
1998,3564,1
1999,3565,2
2000,3566,1
2001,3573,2
2002,3574,1
2003,3575,2
2004,3576,1
2005,3577,2
2006,3578,1
2007,3581,1
2008,3582,1
2009,3583,2
2010,3584,2
2011,3587,1
2012,3588,2
2013,3591,2
2014,3592,1
2015,3593,2
2016,3594,1
2017,3595,2
2018,3596,1
2019,3597,2
2020,3598,1
2021,3602,2
2022,3603,1
2023,3606,2
2024,3607,1
2025,3609,2
2026,3610,1
2027,3611,2
2028,3612,1
2029,3614,2
2030,3615,1
2031,3618,2
2032,3619,1
2033,3620,2
2034,3621,1
2035,3622,2
2036,3623,1
2037,3629,2
2038,3630,1
2039,3631,2
2040,3632,1
2041,3633,1
2042,3634,2
2043,3637,2
2044,3638,1
2045,3639,1
2046,3640,2
2047,3641,2
2048,3642,1
2049,3648,2
2050,3649,1
2051,3652,2
2052,3653,1
2053,3654,2
2054,3655,1
2055,3657,2
2056,3658,1
2057,3662,2
2058,3663,1
2059,3664,2
2060,3665,1
2061,3666,2
2062,3667,1
2063,3669,2
2064,3670,1
2065,3671,2
2066,3672,1
2067,3673,2
2068,3674,1
2069,3677,2
2070,3678,1
2071,3679,2
2072,3680,1
2073,3681,2
2074,3682,1
2075,3691,2
2076,3692,1
2077,3694,2
2078,3695,1
2079,3697,2
2080,3698,1
2081,3702,2
2082,3703,1
2083,3704,1
2084,3705,2
2085,3707,2
2086,3708,1
2087,3713,2
2088,3714,1
2089,3715,2
2090,3716,1
2091,3724,2
2092,3725,1
2093,3726,2
2094,3727,1
2095,3732,2
2096,3733,1
2097,3734,1
2098,3735,2
2099,3739,2
2100,3740,1
2101,3744,2
2102,3745,1
2103,3746,1
2104,3747,2
2105,3753,2
2106,3754,1
2107,3756,1
2108,3757,2
2109,3758,1
2110,3759,2
2111,3764,2
2112,3765,1
2113,3766,2
2114,3767,1
2115,3772,2
2116,3773,2
2117,3774,1
2118,3775,1
2119,3777,1
2120,3778,2
2121,3781,2
2122,3782,1
2123,3784,2
2124,3785,1
2125,3786,2
2126,3787,1
2127,3788,2
2128,3789,1
2129,3790,2
2130,3791,1
2131,3793,2
2132,3794,1
2133,3800,2
2134,3801,1
2135,3802,2
2136,3803,1
2137,3806,2
2138,3807,1
2139,3812,2
2140,3813,1
2141,3814,2
2142,3815,1
2143,3816,2
2144,3817,1
2145,3820,2
2146,3821,1
2147,3824,2
2148,3825,1
2149,3826,2
2150,3827,1
2151,3828,2
2152,3829,1
2153,3830,2
2154,3831,1
2155,3833,2
2156,3834,1
2157,3835,2
2158,3836,2
2159,3837,1
2160,3838,1
2161,3841,2
2162,3842,1
2163,3843,2
2164,3844,1
2165,3847,2
2166,3848,1
2167,3852,2
2168,3853,1
2169,3854,2
2170,3855,1
2171,3858,2
2172,3859,2
2173,3860,1
2174,3861,1
2175,3862,2
2176,3863,1
2177,3869,2
2178,3870,1
2179,3871,2
2180,3872,1
2181,3873,2
2182,3874,1
2183,3877,2
2184,3878,2
2185,3879,1
2186,3880,1
2187,3886,2
2188,3887,1
2189,3888,2
2190,3889,1
2191,3892,2
2192,3893,1
2193,3894,2
2194,3895,1
2195,3897,2
2196,3898,1
2197,3899,2
2198,3900,1
2199,3908,2
2200,3909,1
2201,3910,2
2202,3911,1
2203,3913,2
2204,3914,1
2205,3915,2
2206,3916,1
2207,3917,2
2208,3918,1
2209,3923,2
2210,3924,1
2211,3925,2
2212,3926,1
2213,3927,2
2214,3928,1
2215,3938,2
2216,3939,1
2217,3940,2
2218,3941,2
2219,3942,1
2220,3943,1
2221,3948,2
2222,3949,1
2223,3952,2
2224,3953,1
2225,3954,2
2226,3955,1
2227,3957,2
2228,3958,1
2229,3959,2
2230,3960,1
2231,3961,2
2232,3962,1
2233,3968,2
2234,3969,1
2235,3971,2
2236,3972,1
2237,3974,2
2238,3975,1
2239,3978,2
2240,3979,1
2241,3980,2
2242,3981,1
2243,3987,1
2244,3988,2
2245,3992,2
2246,3993,2
2247,3994,1
2248,3995,1
2249,3996,2
2250,3997,1
2251,4002,2
2252,4003,2
2253,4004,2
2254,4005,1
2255,4006,1
2256,4007,1
2257,4010,2
2258,4011,1
2259,4013,2
2260,4014,1
2261,4017,2
2262,4018,1
2263,4021,2
2264,4022,1
2265,4024,2
2266,4025,1
2267,4026,2
2268,4027,1
2269,4033,2
2270,4034,2
2271,4035,1
2272,4036,1
2273,4037,2
2274,4038,1
2275,4045,2
2276,4046,2
2277,4047,1
2278,4048,1
2279,4051,2
2280,4052,1
2281,4054,2
2282,4055,1
2283,4057,2
2284,4058,1
2285,4059,2
2286,4060,1
2287,4062,2
2288,4063,1
2289,4069,2
2290,4070,1
2291,4071,2
2292,4072,1
2293,4075,2
2294,4076,1
2295,4077,2
2296,4078,1
2297,4080,2
2298,4081,1
2299,4087,2
2300,4088,1
2301,4090,2
2302,4091,1
2303,4093,2
2304,4094,1
2305,4098,2
2306,4099,1
2307,4101,2
2308,4102,1
2309,4104,2
2310,4105,1
2311,4108,2
2312,4109,1
2313,4110,2
2314,4111,1
2315,4114,2
2316,4115,1
2317,4116,2
2318,4117,2
2319,4118,1
2320,4119,1
2321,4123,2
2322,4124,1
2323,4125,2
2324,4126,1
2325,4127,2
2326,4128,1
2327,4129,1
2328,4130,2
2329,4134,2
2330,4135,1
2331,4136,2
2332,4137,1
2333,4143,2
2334,4144,1
2335,4148,2
2336,4149,1
2337,4153,2
2338,4154,1
2339,4155,2
2340,4156,1
2341,4158,2
2342,4159,1
2343,4161,2
2344,4162,1
2345,4166,2
2346,4167,1
2347,4168,2
2348,4169,1
2349,4170,2
2350,4171,1
2351,4172,2
2352,4173,2
2353,4174,1
2354,4175,1
2355,4177,2
2356,4178,1
2357,4181,2
2358,4182,1
2359,4185,2
2360,4186,1
2361,4191,2
2362,4192,1
2363,4193,2
2364,4194,2
2365,4195,1
2366,4196,1
2367,4203,2
2368,4204,1
2369,4207,2
2370,4208,1
2371,4209,2
2372,4210,1
2373,4217,2
2374,4218,1
2375,4219,2
2376,4220,1
2377,4221,2
2378,4222,1
2379,4224,2
2380,4225,2
2381,4226,1
2382,4227,1
2383,4228,2
2384,4229,1
2385,4231,2
2386,4232,1
2387,4234,2
2388,4235,1
2389,4236,2
2390,4237,1
2391,4244,2
2392,4245,1
2393,4246,2
2394,4247,2
2395,4248,1
2396,4249,1
2397,4251,2
2398,4252,1
2399,4253,2
2400,4254,1
2401,4257,2
2402,4258,1
2403,4260,2
2404,4261,1
2405,4265,2
2406,4266,2
2407,4267,1
2408,4268,1
2409,4269,2
2410,4270,1
2411,4273,2
2412,4274,1
2413,4277,2
2414,4278,1
2415,4282,2
2416,4283,1
2417,4284,2
2418,4285,1
2419,4286,2
2420,4287,1
2421,4289,2
2422,4290,1
2423,4292,2
2424,4293,1
2425,4294,2
2426,4295,2
2427,4296,1
2428,4297,1
2429,4298,2
2430,4299,1
2431,4303,2
2432,4304,1
2433,4305,2
2434,4306,1
2435,4307,2
2436,4308,1
2437,4312,2
2438,4313,1
2439,4315,2
2440,4316,2
2441,4317,1
2442,4318,1
2443,4321,2
2444,4322,1
2445,4325,2
2446,4326,1
2447,4327,2
2448,4328,1
2449,4340,2
2450,4341,1
2451,4342,2
2452,4343,1
2453,4344,2
2454,4345,1
2455,4352,2
2456,4353,1
2457,4355,2
2458,4356,1
2459,4358,2
2460,4359,1
2461,4367,2
2462,4368,1
2463,4372,2
2464,4373,1
2465,4374,2
2466,4375,1
2467,4376,2
2468,4377,1
2469,4383,2
2470,4384,1
2471,4387,2
2472,4388,1
2473,4389,2
2474,4390,1
2475,4393,2
2476,4394,2
2477,4395,1
2478,4396,1
2479,4399,2
2480,4400,1
2481,4401,2
2482,4402,2
2483,4403,1
2484,4404,1
2485,4405,2
2486,4406,1
2487,4411,2
2488,4412,1
2489,4413,1
2490,4414,2
2491,4417,2
2492,4418,1
2493,4421,2
2494,4422,1
2495,4423,2
2496,4424,1
2497,4425,2
2498,4426,1
2499,4427,2
2500,4428,1
2501,4431,2
2502,4432,1
2503,4437,1
2504,4438,2
2505,4439,1
2506,4440,2
2507,4443,2
2508,4444,1
2509,4446,2
2510,4447,1
2511,4448,2
2512,4449,1
2513,4450,2
2514,4451,1
2515,4452,1
2516,4453,2
2517,4454,1
2518,4455,2
2519,4456,2
2520,4457,1
2521,4461,2
2522,4462,1
2523,4466,2
2524,4467,1
2525,4468,2
2526,4469,1
2527,4470,2
2528,4471,1
2529,4473,1
2530,4474,2
2531,4475,1
2532,4476,2
2533,4477,2
2534,4478,1
2535,4479,2
2536,4480,1
2537,4481,2
2538,4482,1
2539,4489,2
2540,4490,1
2541,4491,2
2542,4492,1
2543,4493,2
2544,4494,1
2545,4500,2
2546,4501,1
2547,4502,2
2548,4503,1
2549,4506,2
2550,4507,1
2551,4509,2
2552,4510,2
2553,4511,1
2554,4512,1
2555,4513,2
2556,4514,1
2557,4518,2
2558,4519,1
2559,4520,2
2560,4521,1
2561,4524,2
2562,4525,1
2563,4526,2
2564,4527,1
2565,4528,2
2566,4529,1
2567,4530,2
2568,4531,1
2569,4533,2
2570,4534,1
2571,4536,2
2572,4537,1
2573,4542,2
2574,4543,1
2575,4544,2
2576,4545,1
2577,4546,2
2578,4547,1
2579,4549,2
2580,4550,1
2581,4554,2
2582,4555,1
2583,4556,2
2584,4557,1
2585,4562,2
2586,4563,1
2587,4564,2
2588,4565,2
2589,4566,1
2590,4567,1
2591,4574,1
2592,4575,2
2593,4576,1
2594,4577,2
2595,4578,2
2596,4579,1
2597,4584,1
2598,4585,2
2599,4586,2
2600,4587,1
2601,4588,2
2602,4589,1
2603,4594,2
2604,4595,1
2605,4596,2
2606,4597,1
2607,4603,2
2608,4604,1
2609,4605,2
2610,4606,1
2611,4610,2
2612,4611,1
2613,4614,2
2614,4615,1
2615,4617,2
2616,4618,1
2617,4619,2
2618,4620,1
2619,4622,2
2620,4623,1
2621,4626,2
2622,4627,2
2623,4628,1
2624,4629,1
2625,4630,2
2626,4631,1
2627,4638,2
2628,4639,1
2629,4644,2
2630,4645,1
2631,4647,2
2632,4648,1
2633,4649,2
2634,4650,1
2635,4652,2
2636,4653,1
2637,4654,2
2638,4655,1
2639,4657,2
2640,4658,2
2641,4659,2
2642,4660,1
2643,4661,1
2644,4662,1
2645,4669,2
2646,4670,1
2647,4673,2
2648,4674,1
2649,4675,2
2650,4676,1
2651,4679,2
2652,4680,1
2653,4681,2
2654,4682,1
2655,4683,2
2656,4684,1
2657,4685,2
2658,4686,2
2659,4687,1
2660,4688,1
2661,4695,2
2662,4696,1
2663,4700,2
2664,4701,1
2665,4702,2
2666,4703,1
2667,4704,2
2668,4705,1
2669,4706,2
2670,4707,1
2671,4709,2
2672,4710,1
2673,4711,2
2674,4712,1
2675,4717,2
2676,4718,1
2677,4719,2
2678,4720,2
2679,4721,1
2680,4722,1
2681,4724,2
2682,4725,1
2683,4733,2
2684,4734,1
2685,4736,2
2686,4737,1
2687,4738,2
2688,4739,1
2689,4742,2
2690,4743,1
2691,4744,2
2692,4745,2
2693,4746,1
2694,4747,1
2695,4763,2
2696,4764,2
2697,4765,1
2698,4766,1
2699,4770,2
2700,4771,1
2701,4779,2
2702,4780,1
2703,4785,2
2704,4786,1
2705,4787,2
2706,4788,1
2707,4794,2
2708,4795,1
2709,4796,2
2710,4797,1
2711,4802,2
2712,4803,1
2713,4805,2
2714,4806,1
2715,4811,2
2716,4812,1
2717,4813,2
2718,4814,1
2719,4819,2
2720,4820,1
2721,4823,2
2722,4824,1
2723,4825,2
2724,4826,1
2725,4827,2
2726,4828,1
2727,4829,2
2728,4830,1
2729,4835,2
2730,4836,1
2731,4837,2
2732,4838,1
2733,4841,2
2734,4842,1
2735,4848,2
2736,4849,2
2737,4850,1
2738,4851,1
2739,4852,2
2740,4853,1
2741,4856,2
2742,4857,1
2743,4858,2
2744,4859,1
2745,4862,2
2746,4863,1
2747,4866,2
2748,4867,1
2749,4868,2
2750,4869,1
2751,4871,2
2752,4872,1
2753,4876,2
2754,4877,1
2755,4878,2
2756,4879,1
2757,4881,2
2758,4882,1
2759,4884,2
2760,4885,2
2761,4886,1
2762,4887,1
2763,4888,2
2764,4889,1
2765,4891,2
2766,4892,2
2767,4893,1
2768,4894,1
2769,4899,2
2770,4900,1
2771,4908,2
2772,4909,2
2773,4910,1
2774,4911,1
2775,4914,2
2776,4915,1
2777,4920,2
2778,4921,1
2779,4922,2
2780,4923,1
2781,4925,2
2782,4926,2
2783,4927,1
2784,4928,1
2785,4930,2
2786,4931,1
2787,4934,2
2788,4935,1
2789,4936,2
2790,4937,1
2791,4938,2
2792,4939,1
2793,4946,2
2794,4947,1
2795,4949,2
2796,4950,1
2797,4951,2
2798,4952,1
2799,4953,2
2800,4954,1
2801,4955,2
2802,4956,2
2803,4957,1
2804,4958,1
2805,4959,2
2806,4960,2
2807,4961,1
2808,4962,1
2809,4963,2
2810,4964,1
2811,4969,2
2812,4970,1
2813,4978,2
2814,4979,1
2815,4980,2
2816,4981,1
2817,4983,2
2818,4984,1
2819,4987,2
2820,4988,1
2821,4989,2
2822,4990,1
2823,4991,2
2824,4992,1
2825,4994,2
2826,4995,2
2827,4996,1
2828,4997,1
2829,5004,2
2830,5005,1
2831,5006,2
2832,5007,1
2833,5008,2
2834,5009,1
2835,5010,2
2836,5011,1
2837,5012,2
2838,5013,1
2839,5014,2
2840,5015,1
2841,5017,2
2842,5018,1
2843,5019,2
2844,5020,1
2845,5021,2
2846,5022,1
2847,5023,2
2848,5024,2
2849,5025,1
2850,5026,1
2851,5033,2
2852,5034,2
2853,5035,1
2854,5036,1
2855,5039,2
2856,5040,1
2857,5042,2
2858,5043,1
2859,5044,2
2860,5045,1
2861,5047,2
2862,5048,1
2863,5050,2
2864,5051,1
2865,5053,2
2866,5054,2
2867,5055,1
2868,5056,1
2869,5065,2
2870,5066,1
2871,5067,2
2872,5068,1
2873,5070,2
2874,5071,1
2875,5077,2
2876,5078,1
2877,5079,2
2878,5080,1
2879,5082,2
2880,5083,1
2881,5086,2
2882,5087,2
2883,5088,1
2884,5089,1
2885,5091,2
2886,5092,1
2887,5093,2
2888,5094,1
2889,5095,2
2890,5096,1
2891,5106,2
2892,5107,2
2893,5108,1
2894,5109,1
2895,5110,2
2896,5111,1
2897,5112,2
2898,5113,1
2899,5114,2
2900,5115,1
2901,5116,2
2902,5117,1
2903,5121,2
2904,5122,2
2905,5123,1
2906,5124,1
2907,5125,2
2908,5126,1
2909,5137,1
2910,5138,2
2911,5140,1
2912,5141,2
2913,5142,1
2914,5143,2
2915,5144,2
2916,5145,1
2917,5146,2
2918,5147,1
2919,5149,2
2920,5150,1
2921,5153,2
2922,5154,1
2923,5156,2
2924,5157,1
2925,5159,2
2926,5160,1
2927,5162,2
2928,5163,1
2929,5164,2
2930,5165,1
2931,5166,2
2932,5167,1
2933,5170,2
2934,5171,1
2935,5174,2
2936,5175,1
2937,5184,2
2938,5185,1
2939,5186,2
2940,5187,1
2941,5188,2
2942,5189,1
2943,5196,2
2944,5197,1
2945,5203,2
2946,5204,2
2947,5205,1
2948,5206,1
2949,5213,2
2950,5214,1
2951,5217,2
2952,5218,1
2953,5221,2
2954,5222,1
2955,5224,2
2956,5225,1
2957,5226,2
2958,5227,1
2959,5228,2
2960,5229,1
2961,5230,2
2962,5231,2
2963,5232,1
2964,5233,1
2965,5235,2
2966,5236,1
2967,5241,2
2968,5242,1
2969,5245,2
2970,5246,2
2971,5247,1
2972,5248,1
2973,5253,2
2974,5254,1
2975,5255,2
2976,5256,1
2977,5257,2
2978,5258,1
2979,5264,2
2980,5265,1
2981,5266,2
2982,5267,1
2983,5268,2
2984,5269,1
2985,5275,2
2986,5276,1
2987,5277,2
2988,5278,1
2989,5279,2
2990,5280,1
2991,5285,2
2992,5286,1
2993,5288,2
2994,5289,1
2995,5290,2
2996,5291,1
2997,5292,2
2998,5293,1
2999,5295,2
3000,5296,1
3001,5297,2
3002,5298,1
3003,5310,1
3004,5311,2
3005,5314,1
3006,5315,2
3007,5316,1
3008,5317,2
3009,5318,2
3010,5319,1
3011,5320,2
3012,5321,1
3013,5323,2
3014,5324,1
3015,5330,2
3016,5331,2
3017,5332,1
3018,5333,1
3019,5335,2
3020,5336,1
3021,5337,2
3022,5338,1
3023,5339,2
3024,5340,1
3025,5344,2
3026,5345,1
3027,5347,2
3028,5348,1
3029,5356,2
3030,5357,1
3031,5359,2
3032,5360,1
3033,5363,2
3034,5364,1
3035,5368,2
3036,5369,1
3037,5370,2
3038,5371,1
3039,5372,2
3040,5373,1
3041,5375,2
3042,5376,1
3043,5377,2
3044,5378,1
3045,5383,2
3046,5384,1
3047,5385,2
3048,5386,1
3049,5387,2
3050,5388,1
3051,5389,2
3052,5390,1
3053,5395,2
3054,5396,2
3055,5397,1
3056,5398,1
3057,5399,2
3058,5400,1
3059,5406,2
3060,5407,1
3061,5409,2
3062,5410,2
3063,5411,1
3064,5412,1
3065,5417,2
3066,5418,1
3067,5419,2
3068,5420,1
3069,5423,2
3070,5424,1
3071,5427,2
3072,5428,1
3073,5429,2
3074,5430,1
3075,5432,2
3076,5433,1
3077,5436,2
3078,5437,1
3079,5442,2
3080,5443,1
3081,5445,2
3082,5446,1
3083,5452,2
3084,5453,1
3085,5454,2
3086,5455,1
3087,5456,2
3088,5457,1
3089,5458,2
3090,5459,1
3091,5461,2
3092,5462,1
3093,5466,2
3094,5467,1
3095,5471,2
3096,5472,1
3097,5473,2
3098,5474,1
3099,5478,2
3100,5479,1
3101,5480,2
3102,5481,1
3103,5482,2
3104,5483,1
3105,5486,2
3106,5487,2
3107,5488,1
3108,5489,1
3109,5490,2
3110,5491,1
3111,5494,2
3112,5495,2
3113,5496,1
3114,5497,1
3115,5503,2
3116,5504,1
3117,5505,2
3118,5506,2
3119,5507,1
3120,5508,1
3121,5515,2
3122,5516,2
3123,5517,1
3124,5518,1
3125,5519,2
3126,5520,1
3127,5521,2
3128,5522,1
3129,5523,2
3130,5524,1
3131,5525,2
3132,5526,1
3133,5529,2
3134,5530,2
3135,5531,1
3136,5532,1
3137,5536,2
3138,5537,1
3139,5539,2
3140,5540,1
3141,5543,2
3142,5544,1
3143,5547,2
3144,5548,1
3145,5549,2
3146,5550,1
3147,5552,2
3148,5553,1
3149,5554,2
3150,5555,1
3151,5557,2
3152,5558,1
3153,5565,2
3154,5566,1
3155,5567,2
3156,5568,2
3157,5569,1
3158,5570,1
3159,5571,2
3160,5572,1
3161,5573,2
3162,5574,1
3163,5575,2
3164,5576,1
3165,5578,2
3166,5579,1
3167,5591,2
3168,5592,2
3169,5593,1
3170,5594,1
3171,5595,2
3172,5596,1
3173,5601,2
3174,5602,1
3175,5603,2
3176,5604,1
3177,5605,2
3178,5606,1
3179,5610,2
3180,5611,1
3181,5613,2
3182,5614,1
3183,5615,2
3184,5616,1
3185,5617,2
3186,5618,1
3187,5619,2
3188,5620,1
3189,5621,2
3190,5622,1
3191,5629,2
3192,5630,1
3193,5633,2
3194,5634,2
3195,5635,1
3196,5636,1
3197,5641,2
3198,5642,2
3199,5643,1
3200,5644,1
3201,5645,2
3202,5646,1
3203,5650,2
3204,5651,1
3205,5652,2
3206,5653,1
3207,5655,2
3208,5656,1
3209,5658,2
3210,5659,2
3211,5660,2
3212,5661,1
3213,5662,1
3214,5663,1
3215,5667,2
3216,5668,1
3217,5669,2
3218,5670,1
3219,5671,2
3220,5672,1
3221,5675,1
3222,5676,2
3223,5679,1
3224,5680,2
3225,5681,1
3226,5682,2
3227,5688,2
3228,5689,1
3229,5690,2
3230,5691,1
3231,5692,2
3232,5693,1
3233,5700,2
3234,5701,1
3235,5702,2
3236,5703,1
3237,5705,2
3238,5706,1
3239,5708,2
3240,5709,1
3241,5710,2
3242,5711,1
3243,5712,2
3244,5713,1
3245,5718,2
3246,5719,1
3247,5720,2
3248,5721,1
3249,5724,2
3250,5725,1
3251,5726,2
3252,5727,1
3253,5728,2
3254,5729,1
3255,5730,2
3256,5731,1
3257,5732,2
3258,5733,1
3259,5735,2
3260,5736,1
3261,5739,2
3262,5740,1
3263,5741,2
3264,5742,1
3265,5743,2
3266,5744,1
3267,5747,1
3268,5748,2
3269,5749,1
3270,5750,2
3271,5751,1
3272,5752,2
3273,5754,2
3274,5755,1
3275,5757,2
3276,5758,1
3277,5760,2
3278,5761,1
3279,5766,2
3280,5767,1
3281,5768,2
3282,5769,1
3283,5770,2
3284,5771,1
3285,5774,2
3286,5775,1
3287,5776,2
3288,5777,1
3289,5783,2
3290,5784,1
3291,5796,2
3292,5797,1
3293,5798,2
3294,5799,1
3295,5800,2
3296,5801,1
3297,5808,2
3298,5809,2
3299,5810,1
3300,5811,1
3301,5812,2
3302,5813,1
3303,5818,2
3304,5819,1
3305,5821,2
3306,5822,1
3307,5823,2
3308,5824,1
3309,5825,2
3310,5826,1
3311,5828,2
3312,5829,1
3313,5830,2
3314,5831,1
3315,5838,2
3316,5839,1
3317,5841,2
3318,5842,1
3319,5843,2
3320,5844,1
3321,5851,2
3322,5852,1
3323,5853,2
3324,5854,1
3325,5855,2
3326,5856,1
3327,5859,2
3328,5860,1
3329,5861,2
3330,5862,1
3331,5863,2
3332,5864,2
3333,5865,1
3334,5866,1
3335,5867,2
3336,5868,1
3337,5871,2
3338,5872,1
3339,5874,2
3340,5875,1
3341,5877,2
3342,5878,1
3343,5880,2
3344,5881,2
3345,5882,1
3346,5883,1
3347,5887,2
3348,5888,1
3349,5889,2
3350,5890,1
3351,5901,2
3352,5902,1
3353,5903,2
3354,5904,1
3355,5905,2
3356,5906,1
3357,5908,2
3358,5909,1
3359,5910,2
3360,5911,1
3361,5913,2
3362,5914,1
3363,5920,2
3364,5921,1
3365,5924,2
3366,5925,1
3367,5926,2
3368,5927,1
3369,5928,2
3370,5929,1
3371,5931,2
3372,5932,1
3373,5934,2
3374,5935,1
3375,5938,2
3376,5939,1
3377,5940,2
3378,5941,1
3379,5943,2
3380,5944,1
3381,5948,1
3382,5949,1
3383,5950,2
3384,5951,2
3385,5952,1
3386,5953,2
3387,5956,2
3388,5957,1
3389,5966,2
3390,5967,1
3391,5968,2
3392,5969,1
3393,5973,2
3394,5974,1
3395,5975,2
3396,5976,1
3397,5979,2
3398,5980,1
3399,5981,2
3400,5982,1
3401,5983,2
3402,5984,1
3403,5986,2
3404,5987,1
3405,5993,2
3406,5994,1
3407,5995,2
3408,5996,1
3409,5997,2
3410,5998,1
3411,6000,2
3412,6001,1
3413,6002,2
3414,6003,2
3415,6004,1
3416,6005,1
3417,6012,2
3418,6013,1
3419,6014,2
3420,6015,1
3421,6016,2
3422,6017,1
3423,6018,2
3424,6019,1
3425,6020,2
3426,6021,1
3427,6023,2
3428,6024,1
3429,6030,2
3430,6031,1
3431,6032,2
3432,6033,1
3433,6040,2
3434,6041,1
3435,6042,2
3436,6043,1
3437,6045,2
3438,6046,1
3439,6050,2
3440,6051,1
3441,6052,2
3442,6053,1
3443,6054,2
3444,6055,1
3445,6058,2
3446,6059,1
3447,6061,2
3448,6062,1
3449,6063,2
3450,6064,1
3451,6070,2
3452,6071,1
3453,6072,2
3454,6073,1
3455,6074,2
3456,6075,1
3457,6077,2
3458,6078,1
3459,6079,2
3460,6080,1
3461,6085,2
3462,6086,2
3463,6087,1
3464,6088,1
3465,6089,2
3466,6090,1
3467,6094,2
3468,6095,1
3469,6097,2
3470,6098,1
3471,6099,2
3472,6100,1
3473,6107,2
3474,6108,1
3475,6109,2
3476,6110,2
3477,6111,1
3478,6112,1
3479,6118,2
3480,6119,1
3481,6120,2
3482,6121,1
3483,6122,2
3484,6123,1
3485,6125,2
3486,6126,1
3487,6130,2
3488,6131,1
3489,6133,2
3490,6134,1
3491,6137,2
3492,6138,1
3493,6140,2
3494,6141,1
3495,6143,2
3496,6144,1
3497,6145,2
3498,6146,1
3499,6148,2
3500,6149,1
3501,6155,2
3502,6156,1
3503,6157,2
3504,6158,1
3505,6159,2
3506,6160,1
3507,6168,2
3508,6169,1
3509,6170,2
3510,6171,1
3511,6175,2
3512,6176,1
3513,6177,2
3514,6178,1
3515,6179,2
3516,6180,1
3517,6181,2
3518,6182,1
3519,6188,2
3520,6189,1
3521,6190,2
3522,6191,1
3523,6193,2
3524,6194,1
3525,6201,2
3526,6202,1
3527,6203,2
3528,6204,1
3529,6207,2
3530,6208,1
3531,6212,2
3532,6213,1
3533,6214,2
3534,6215,1
3535,6216,2
3536,6217,1
3537,6218,2
3538,6219,1
3539,6221,2
3540,6222,2
3541,6223,1
3542,6224,1
3543,6225,2
3544,6226,1
3545,6227,2
3546,6228,1
3547,6236,2
3548,6237,1
3549,6238,2
3550,6239,1
3551,6240,2
3552,6241,1
3553,6244,2
3554,6245,1
3555,6249,2
3556,6250,1
3557,6253,2
3558,6254,1
3559,6255,2
3560,6256,1
3561,6257,2
3562,6258,1
3563,6259,2
3564,6260,1
3565,6269,2
3566,6270,1
3567,6272,2
3568,6273,1
3569,6274,2
3570,6275,1
3571,6276,1
3572,6277,2
3573,6278,1
3574,6279,2
3575,6282,1
3576,6283,2
3577,6286,2
3578,6287,1
3579,6292,2
3580,6293,1
3581,6295,2
3582,6296,1
3583,6302,2
3584,6303,2
3585,6304,1
3586,6305,1
3587,6307,2
3588,6308,1
3589,6312,2
3590,6313,1
3591,6315,2
3592,6316,1
3593,6317,2
3594,6318,1
3595,6320,2
3596,6321,1
3597,6322,2
3598,6323,1
3599,6324,2
3600,6325,1
3601,6327,2
3602,6328,2
3603,6329,1
3604,6330,1
3605,6331,2
3606,6332,1
3607,6340,2
3608,6341,1
3609,6342,2
3610,6343,1
3611,6344,2
3612,6345,1
3613,6356,2
3614,6357,1
3615,6358,2
3616,6359,1
3617,6360,2
3618,6361,1
3619,6364,2
3620,6365,2
3621,6366,1
3622,6367,1
3623,6368,2
3624,6369,1
3625,6371,2
3626,6372,2
3627,6373,1
3628,6374,1
3629,6376,2
3630,6377,1
3631,6378,2
3632,6379,1
3633,6383,1
3634,6384,1
3635,6385,2
3636,6386,2
3637,6387,1
3638,6388,2
3639,6389,2
3640,6390,1
3641,6395,2
3642,6396,1
3643,6397,2
3644,6398,1
3645,6399,2
3646,6400,2
3647,6401,2
3648,6402,1
3649,6403,1
3650,6404,1
3651,6409,2
3652,6410,1
3653,6411,2
3654,6412,1
3655,6413,2
3656,6414,1
3657,6419,2
3658,6420,1
3659,6421,2
3660,6422,1
3661,6424,2
3662,6425,1
3663,6427,2
3664,6428,1
3665,6429,2
3666,6430,1
3667,6434,2
3668,6435,2
3669,6436,1
3670,6437,1
3671,6440,2
3672,6441,1
3673,6447,2
3674,6448,1
3675,6449,2
3676,6450,1
3677,6455,2
3678,6456,1
3679,6457,2
3680,6458,1
3681,6459,2
3682,6460,1
3683,6461,2
3684,6462,1
3685,6464,2
3686,6465,1
3687,6466,2
3688,6467,1
3689,6471,2
3690,6472,2
3691,6473,1
3692,6474,1
3693,6475,2
3694,6476,1
3695,6479,2
3696,6480,1
3697,6481,2
3698,6482,1
3699,6483,2
3700,6484,1
3701,6487,2
3702,6488,1
3703,6489,2
3704,6490,1
3705,6491,2
3706,6492,1
3707,6498,2
3708,6499,2
3709,6500,1
3710,6501,1
3711,6502,2
3712,6503,1
3713,6505,2
3714,6506,2
3715,6507,1
3716,6508,1
3717,6509,2
3718,6510,1
3719,6515,2
3720,6516,1
3721,6520,2
3722,6521,1
3723,6522,2
3724,6523,1
3725,6527,2
3726,6528,1
3727,6533,2
3728,6534,1
3729,6535,2
3730,6536,1
3731,6541,2
3732,6542,2
3733,6543,1
3734,6544,1
3735,6545,2
3736,6546,1
3737,6552,2
3738,6553,1
3739,6554,2
3740,6555,1
3741,6556,2
3742,6557,1
3743,6560,2
3744,6561,1
3745,6568,2
3746,6569,1
3747,6570,2
3748,6571,1
3749,6575,2
3750,6576,1
3751,6577,2
3752,6578,1
3753,6579,1
3754,6580,2
3755,6582,2
3756,6583,1
3757,6584,2
3758,6585,1
3759,6586,2
3760,6587,1
3761,6593,2
3762,6594,1
3763,6598,2
3764,6599,1
3765,6600,2
3766,6601,1
3767,6607,2
3768,6608,1
3769,6609,2
3770,6610,1
3771,6611,2
3772,6612,1
3773,6617,2
3774,6618,1
3775,6619,2
3776,6620,2
3777,6621,1
3778,6622,1
3779,6628,2
3780,6629,1
3781,6635,2
3782,6636,2
3783,6637,1
3784,6638,1
3785,6642,2
3786,6643,2
3787,6644,1
3788,6645,1
3789,6646,2
3790,6647,1
3791,6653,2
3792,6654,1
3793,6655,2
3794,6656,1
3795,6657,2
3796,6658,1
3797,6665,2
3798,6666,1
3799,6667,2
3800,6668,1
3801,6670,2
3802,6671,1
3803,6676,2
3804,6677,1
3805,6680,2
3806,6681,2
3807,6682,1
3808,6683,1
3809,6684,2
3810,6685,2
3811,6686,1
3812,6687,1
3813,6688,2
3814,6689,1
3815,6690,2
3816,6691,1
3817,6692,2
3818,6693,1
3819,6695,2
3820,6696,1
3821,6707,2
3822,6708,1
3823,6709,2
3824,6710,1
3825,6711,2
3826,6712,1
3827,6717,2
3828,6718,1
3829,6721,2
3830,6722,1
3831,6723,2
3832,6724,1
3833,6726,2
3834,6727,1
3835,6728,2
3836,6729,1
3837,6731,2
3838,6732,1
3839,6734,2
3840,6735,1
3841,6736,2
3842,6737,1
3843,6740,2
3844,6741,1
3845,6743,2
3846,6744,1
3847,6745,2
3848,6746,1
3849,6749,2
3850,6750,1
3851,6754,2
3852,6755,1
3853,6756,2
3854,6757,1
3855,6761,2
3856,6762,2
3857,6763,1
3858,6764,1
3859,6765,2
3860,6766,1
3861,6777,2
3862,6778,1
3863,6779,2
3864,6780,1
3865,6781,2
3866,6782,1
3867,6783,2
3868,6784,2
3869,6785,1
3870,6786,1
3871,6789,2
3872,6790,1
3873,6791,2
3874,6792,1
3875,6793,2
3876,6794,1
3877,6799,2
3878,6800,1
3879,6806,2
3880,6807,1
3881,6808,2
3882,6809,1
3883,6810,2
3884,6811,1
3885,6813,1
3886,6814,2
3887,6816,1
3888,6817,2
3889,6818,1
3890,6819,2
3891,6824,2
3892,6825,1
3893,6827,2
3894,6828,1
3895,6829,2
3896,6830,1
3897,6836,2
3898,6837,1
3899,6838,2
3900,6839,1
3901,6840,2
3902,6841,1
3903,6844,2
3904,6845,1
3905,6847,2
3906,6848,1
3907,6849,2
3908,6850,1
3909,6853,2
3910,6854,2
3911,6855,1
3912,6856,1
3913,6858,2
3914,6859,1
3915,6864,2
3916,6865,1
3917,6869,2
3918,6870,1
3919,6871,2
3920,6872,1
3921,6876,2
3922,6877,1
3923,6880,2
3924,6881,1
3925,6883,2
3926,6884,1
3927,6890,2
3928,6891,2
3929,6892,1
3930,6893,1
3931,6895,2
3932,6896,1
3933,6899,1
3934,6900,2
3935,6901,1
3936,6902,2
3937,6903,1
3938,6904,2
3939,6906,2
3940,6907,1
3941,6908,2
3942,6909,1
3943,6912,2
3944,6913,1
3945,6915,2
3946,6916,1
3947,6918,2
3948,6919,1
3949,6920,2
3950,6921,1
3951,6924,2
3952,6925,1
3953,6928,2
3954,6929,2
3955,6930,1
3956,6931,1
3957,6935,2
3958,6936,1
3959,6937,2
3960,6938,1
3961,6941,2
3962,6942,1
3963,6943,2
3964,6944,1
3965,6945,2
3966,6946,1
3967,6952,2
3968,6953,1
3969,6954,2
3970,6955,2
3971,6956,1
3972,6957,1
3973,6960,2
3974,6961,2
3975,6962,1
3976,6963,1
3977,6964,2
3978,6965,1
3979,6972,2
3980,6973,1
3981,6974,2
3982,6975,1
3983,6977,2
3984,6978,1
3985,6985,2
3986,6986,2
3987,6987,1
3988,6988,1
3989,6989,2
3990,6990,1
3991,6993,2
3992,6994,1
3993,6995,2
3994,6996,1
3995,6997,2
3996,6998,1
3997,7004,2
3998,7005,1
3999,7007,2
4000,7008,1
4001,7012,2
4002,7013,2
4003,7014,1
4004,7015,1
4005,7016,2
4006,7017,1
4007,7020,2
4008,7021,2
4009,7022,1
4010,7023,1
4011,7029,2
4012,7030,1
4013,7032,2
4014,7033,1
4015,7034,2
4016,7035,1
4017,7038,1
4018,7039,2
4019,7040,1
4020,7041,2
4021,7044,1
4022,7045,2
4023,7047,2
4024,7048,1
4025,7050,2
4026,7051,2
4027,7052,1
4028,7053,1
4029,7058,2
4030,7059,1
4031,7060,2
4032,7061,1
4033,7066,2
4034,7067,1
4035,7071,2
4036,7072,1
4037,7075,2
4038,7076,1
4039,7087,2
4040,7088,1
4041,7089,2
4042,7090,1
4043,7091,2
4044,7092,1
4045,7097,2
4046,7098,1
4047,7100,2
4048,7101,1
4049,7102,2
4050,7103,1
4051,7108,2
4052,7109,1
4053,7110,2
4054,7111,1
4055,7113,2
4056,7114,1
4057,7120,2
4058,7121,2
4059,7122,1
4060,7123,1
4061,7124,2
4062,7125,1
4063,7130,2
4064,7131,1
4065,7132,2
4066,7133,1
4067,7138,2
4068,7139,1
4069,7140,2
4070,7141,1
4071,7142,2
4072,7143,1
4073,7144,2
4074,7145,1
4075,7147,2
4076,7148,1
4077,7150,2
4078,7151,1
4079,7153,2
4080,7154,1
4081,7156,2
4082,7157,1
4083,7158,2
4084,7159,1
4085,7164,2
4086,7165,2
4087,7166,1
4088,7167,1
4089,7169,2
4090,7170,1
4091,7173,2
4092,7174,1
4093,7175,2
4094,7176,1
4095,7178,2
4096,7179,1
4097,7180,2
4098,7181,1
4099,7184,2
4100,7185,1
4101,7191,2
4102,7192,1
4103,7198,2
4104,7199,1
4105,7201,2
4106,7202,1
4107,7203,2
4108,7204,1
4109,7207,2
4110,7208,1
4111,7209,2
4112,7210,1
4113,7211,2
4114,7212,1
4115,7215,2
4116,7216,1
4117,7217,2
4118,7218,1
4119,7219,2
4120,7220,1
4121,7227,2
4122,7228,2
4123,7229,1
4124,7230,1
4125,7231,2
4126,7232,1
4127,7235,1
4128,7236,2
4129,7238,1
4130,7239,2
4131,7240,2
4132,7241,1
4133,7242,2
4134,7243,1
4135,7244,2
4136,7245,1
4137,7257,2
4138,7258,1
4139,7259,2
4140,7260,1
4141,7262,2
4142,7263,1
4143,7271,2
4144,7272,1
4145,7273,2
4146,7274,1
4147,7275,2
4148,7276,1
4149,7279,2
4150,7280,1
4151,7283,2
4152,7284,1
4153,7286,2
4154,7287,1
4155,7289,2
4156,7290,1
4157,7291,2
4158,7292,1
4159,7293,2
4160,7294,1
4161,7301,2
4162,7302,1
4163,7304,2
4164,7305,1
4165,7310,2
4166,7311,1
4167,7312,2
4168,7313,1
4169,7314,2
4170,7315,1
4171,7318,2
4172,7319,1
4173,7320,2
4174,7321,1
4175,7322,2
4176,7323,1
4177,7326,2
4178,7327,1
4179,7330,2
4180,7331,1
4181,7332,2
4182,7333,1
4183,7337,2
4184,7338,1
4185,7339,2
4186,7340,1
4187,7342,2
4188,7343,1
4189,7344,2
4190,7345,1
4191,7348,2
4192,7349,1
4193,7352,2
4194,7353,1
4195,7356,2
4196,7357,1
4197,7359,2
4198,7360,1
4199,7362,2
4200,7363,1
4201,7364,2
4202,7365,1
4203,7368,2
4204,7369,1
4205,7370,2
4206,7371,1
4207,7372,2
4208,7373,1
4209,7381,2
4210,7382,1
4211,7385,2
4212,7386,2
4213,7387,1
4214,7388,1
4215,7393,2
4216,7394,1
4217,7395,2
4218,7396,1
4219,7397,2
4220,7398,1
4221,7401,2
4222,7402,1
4223,7403,2
4224,7404,1
4225,7405,2
4226,7406,1
4227,7409,2
4228,7410,1
4229,7413,2
4230,7414,1
4231,7415,2
4232,7416,1
4233,7424,2
4234,7425,2
4235,7426,2
4236,7427,1
4237,7428,1
4238,7429,1
4239,7432,2
4240,7433,1
4241,7435,2
4242,7436,1
4243,7437,2
4244,7438,1
4245,7445,2
4246,7446,1
4247,7447,2
4248,7448,1
4249,7449,2
4250,7450,1
